CP-S,CP-CV,Res-Gauss,emp coverage,tolerance
0.7887778878211975,0.7336387038230896,0.8027524728845096,0.7932454943656921,0.15
