CP-S,CP-CV,Res-Gauss,emp coverage,tolerance
0.8058976531028748,0.5885013341903687,0.7862703130139732,0.7851750254631042,0.15
