CP-SW,CP-CVW,CP-S,Res-Gauss,emp coverage,tolerance,n_effective
0.5434557795524597,0.4376690089702606,0.8834952712059021,0.6273059251150988,0.5767441987991333,0.05,101.37533924914854
