CP-S,CP-CV,Res-Gauss,emp coverage,tolerance
0.8011347055435181,0.6099412441253662,0.7748722954100224,0.7967698574066162,0.15
