CP-SW,CP-CVW,CP-S,Res-Gauss,emp coverage,tolerance,n_effective
0.8204497694969177,0.6189560890197754,0.7970271110534668,0.7820363627777489,0.8822075724601746,0.15,42.250565555479014
