CP-S,CP-CV,Res-Gauss,emp coverage,tolerance
0.5889922380447388,0.3651840090751648,0.5139948371907129,0.5677965879440308,0.2
