CP-S,CP-CV,Res-Gauss,emp coverage,tolerance
0.8100679516792297,0.6094680428504944,0.7868547210765278,0.7959756851196289,0.15
