CP-S,CP-CV,Res-Gauss,emp coverage,tolerance
0.8105090260505676,0.6103808879852295,0.7913288057560922,0.7931392788887024,0.15
