CP-S,CP-CV,Res-Gauss,emp coverage,tolerance
0.7232545614242554,0.3868216872215271,0.40481968061912993,0.7317143082618713,0.2
