CP-SW,CP-CVW,CP-S,Res-Gauss,emp coverage,tolerance,n_effective
0.72854083776474,0.5066195130348206,0.6380704045295715,0.6565595993844077,0.7283422350883484,0.008,45.799964393281535
