CP-SW,CP-CVW,CP-S,Res-Gauss,emp coverage,tolerance,n_effective
0.8374110460281372,0.7185354232788086,0.8073363304138184,0.8846477172029886,0.8956760764122009,0.15,81.5333232196693
