CP-SW,CP-CVW,CP-S,Res-Gauss,emp coverage,tolerance,n_effective
0.6665604114532471,0.3053848445415497,0.7318140268325806,0.45049655393817695,0.7054286003112793,0.2,354.65310920237374
