CP-S,CP-CV,Res-Gauss,emp coverage,tolerance
0.8897544145584106,0.7865450382232666,0.7349151086416076,0.8910852670669556,0.05
