CP-S,CP-CV,Res-Gauss,emp coverage,tolerance
0.8126475214958191,0.6091975569725037,0.7943925018558173,0.7958191633224487,0.15
