CP-SW,CP-CVW,CP-S,Res-Gauss,emp coverage,tolerance,n_effective
0.7970489859580994,0.7270731925964355,0.8633837103843689,0.7898999603001946,0.7537067532539368,0.15,42.25057104897934
