CP-S,CP-CV,Res-Gauss,emp coverage,tolerance
0.829867422580719,0.7083601951599121,0.8603393598788203,0.8215511441230774,0.15
