CP-SW,CP-CVW,CP-S,Res-Gauss,emp coverage,tolerance,n_effective
0.7618340253829956,0.6326718926429749,0.7971240282058716,0.7901200212653551,0.8586136102676392,0.15,81.53332853281809
