CP-S,CP-CV,Res-Gauss,emp coverage,tolerance
0.6833962798118591,0.5146632790565491,0.5338448900978996,0.6758474707603455,0.2
