CP-SW,CP-CVW,CP-S,Res-Gauss,emp coverage,tolerance,n_effective
0.3363586366176605,0.16242317855358124,0.553981363773346,0.42144822091209366,0.37441861629486084,0.001,101.37536018725648
