CP-S,CP-CV,Res-Gauss,emp coverage,tolerance
0.8021543622016907,0.6100587248802185,0.7797827051575255,0.7936028838157654,0.15
