CP-SW,CP-CVW,CP-S,Res-Gauss,emp coverage,tolerance,n_effective
0.6126716732978821,0.43894171714782715,0.5086935758590698,0.3255065768177821,0.6223035454750061,0.2,246.35489408089126
