CP-S,CP-CV,Res-Gauss,emp coverage,tolerance
0.7477560043334961,0.5963370203971863,0.6852470978851427,0.7556149959564209,0.01
