CP-S,CP-CV,Res-Gauss,emp coverage,tolerance
0.7821798920631409,0.48914384841918945,0.790793176812357,0.7838571667671204,0.2
