CP-SW,CP-CVW,CP-S,Res-Gauss,emp coverage,tolerance,n_effective
0.8281227350234985,0.5989851951599121,0.7799294590950012,0.6415006330098763,0.7914438247680664,0.01,45.79995896817759
