CP-SW,CP-CVW,CP-S,Res-Gauss,emp coverage,tolerance,n_effective
0.5240734815597534,0.2889935076236725,0.4537408649921417,0.4645839739067621,0.5231124758720398,0.2,246.3548780192828
