CP-S,CP-CV,Res-Gauss,emp coverage,tolerance
0.8044108748435974,0.6098442077636719,0.7793670046621314,0.7964400053024292,0.15
