CP-S,CP-CV,Res-Gauss,emp coverage,tolerance
0.6461463570594788,0.46788257360458374,0.5674686690462437,0.6465240716934204,0.008
