CP-S,CP-CV,Res-Gauss,emp coverage,tolerance
0.7885220050811768,0.6371673345565796,0.7509859043432711,0.8043657541275024,0.15
