CP-SW,CP-CVW,CP-S,Res-Gauss,emp coverage,tolerance,n_effective
0.7130863666534424,0.43292009830474854,0.7776832580566406,0.7599117069802495,0.7475714087486267,0.2,354.65319554416845
