CP-S,CP-CV,Res-Gauss,emp coverage,tolerance
0.8083252310752869,0.6150370836257935,0.7887207230352552,0.8098016381263733,0.15
