CP-S,CP-CV,Res-Gauss,emp coverage,tolerance
0.556990385055542,0.24599161744117737,0.45993910347954126,0.5379844903945923,0.001
