CP-S,CP-CV,Res-Gauss,emp coverage,tolerance
0.650572657585144,0.46371912956237793,0.4562736338932433,0.6672160625457764,0.2
