CP-SW,CP-CVW,CP-S,Res-Gauss,emp coverage,tolerance,n_effective
0.4604472815990448,0.39368027448654175,0.5094792246818542,0.3735534777543347,0.6111848950386047,0.2,39.70151082501694
