CP-S,CP-CV,Res-Gauss,emp coverage,tolerance
0.6523575186729431,0.4637863039970398,0.46069113412918894,0.6671068072319031,0.2
