CP-S,CP-CV,Res-Gauss,emp coverage,tolerance
0.6371820569038391,0.4625248312950134,0.4714425524332771,0.669026255607605,0.2
