CP-S,CP-CV,Res-Gauss,emp coverage,tolerance
0.6275865435600281,0.4627014100551605,0.45620891459157564,0.6683595776557922,0.2
