CP-SW,CP-CVW,CP-S,Res-Gauss,emp coverage,tolerance,n_effective
0.4915768802165985,0.3976115584373474,0.4955786466598511,0.29761973796181906,0.6067588329315186,0.2,87.72689970656135
