CP-S,CP-CV,Res-Gauss,emp coverage,tolerance
0.6136947274208069,0.4630952477455139,0.44721811740857675,0.6682242751121521,0.2
