CP-SW,CP-CVW,CP-S,Res-Gauss,emp coverage,tolerance,n_effective
0.4583599269390106,0.3935130834579468,0.5233192443847656,0.4099865212353866,0.6073097586631775,0.2,46.06397167665525
