CP-SW,CP-CVW,CP-S,Res-Gauss,emp coverage,tolerance,n_effective
0.5245110988616943,0.3934900164604187,0.496740460395813,0.27393347677361707,0.6103302836418152,0.2,139.80048487039454
