CP-S,CP-CV,Res-Gauss,emp coverage,tolerance
0.6127935647964478,0.4629361629486084,0.43919747063235004,0.6681252121925354,0.2
