CP-SW,CP-CVW,CP-S,Res-Gauss,emp coverage,tolerance,n_effective
0.4575650990009308,0.3945119082927704,0.45195552706718445,0.334903553168701,0.6048910617828369,0.2,42.33172370626571
