CP-SW,CP-CVW,CP-S,Res-Gauss,emp coverage,tolerance,n_effective
0.4477151334285736,0.39329198002815247,0.5970147848129272,0.3074873187111015,0.6121472120285034,0.2,30.93383426648238
