CP-SW,CP-CVW,CP-S,Res-Gauss,emp coverage,tolerance,n_effective
0.46835917234420776,0.39396238327026367,0.4316727817058563,0.2892983558638492,0.6018175482749939,0.2,60.96737659925646
