CP-S,CP-CV,Res-Gauss,emp coverage,tolerance
0.6717485189437866,0.46303591132164,0.4997537159362187,0.6660246253013611,0.2
