CP-S,CP-CV,Res-Gauss,emp coverage,tolerance
0.6521057486534119,0.4636482000350952,0.4849504155158118,0.6671605110168457,0.2
