CP-SW,CP-CVW,CP-S,Res-Gauss,emp coverage,tolerance,n_effective
0.5978250503540039,0.39408114552497864,0.5004651546478271,0.30845237111465973,0.6109399199485779,0.2,246.35489408089126
