CP-SW,CP-CVW,CP-S,Res-Gauss,emp coverage,tolerance,n_effective
0.5217646360397339,0.39111316204071045,0.535347580909729,0.28603272939363805,0.6047469973564148,0.2,41.998867927863635
