CP-SW,CP-CVW,CP-S,Res-Gauss,emp coverage,tolerance,n_effective
0.5253105759620667,0.39618000388145447,0.5895496010780334,0.4610046677727333,0.6110836863517761,0.2,37.2725522337299
