CP-S,CP-CV,Res-Gauss,emp coverage,tolerance
0.6293200850486755,0.4631514549255371,0.4547369592379868,0.6675041913986206,0.2
