CP-SW,CP-CVW,CP-S,Res-Gauss,emp coverage,tolerance,n_effective
0.5283633470535278,0.39823949337005615,0.4336090683937073,0.3512160229829969,0.6094956398010254,0.2,35.352774574673354
