CP-SW,CP-CVW,CP-S,Res-Gauss,emp coverage,tolerance,n_effective
0.4704650044441223,0.3960328996181488,0.4411870837211609,0.2941302664947499,0.6008375287055969,0.2,51.36146360116335
