CP-S,CP-CV,Res-Gauss,emp coverage,tolerance
0.6513122916221619,0.4624360203742981,0.4911264085750388,0.6697430610656738,0.2
