CP-SW,CP-CVW,CP-S,Res-Gauss,emp coverage,tolerance,n_effective
0.5555846095085144,0.3946036100387573,0.5343704223632812,0.3429128537437478,0.6131017208099365,0.2,172.81136909177496
