CP-S,CP-CV,Res-Gauss,emp coverage,tolerance
0.6520118117332458,0.4635825455188751,0.4836501668157312,0.6674888730049133,0.2
