CP-S,CP-CV,Res-Gauss,emp coverage,tolerance
0.6227524876594543,0.4632703363895416,0.452813529755707,0.6674410700798035,0.2
