CP-S,CP-CV,Res-Gauss,emp coverage,tolerance
0.6379756927490234,0.46221864223480225,0.47229447208400865,0.6690091490745544,0.2
