CP-S,CP-CV,Res-Gauss,emp coverage,tolerance
0.6244714260101318,0.46312636137008667,0.4446836665706156,0.6672766804695129,0.2
