CP-S,CP-CV,Res-Gauss,emp coverage,tolerance
0.6594701409339905,0.4629250168800354,0.49862241357104325,0.6686545610427856,0.2
