CP-S,CP-CV,Res-Gauss,emp coverage,tolerance
0.6406968832015991,0.46363401412963867,0.4593844024895396,0.6671634316444397,0.2
