CP-SW,CP-CVW,CP-S,Res-Gauss,emp coverage,tolerance,n_effective
0.5927000045776367,0.3918563723564148,0.5122935771942139,0.3361646679530321,0.6152194738388062,0.2,458.3638448960332
