CP-S,CP-CV,Res-Gauss,emp coverage,tolerance
0.6493377685546875,0.46340909600257874,0.478622808174599,0.6674880981445312,0.2
