CP-S,CP-CV,Res-Gauss,emp coverage,tolerance
0.6254695057868958,0.462474524974823,0.46024899620239046,0.6685441136360168,0.2
