CP-SW,CP-CVW,CP-S,Res-Gauss,emp coverage,tolerance,n_effective
0.4763495624065399,0.3913661539554596,0.4596693515777588,0.3115005536940621,0.6133400797843933,0.2,73.42372786426272
