CP-SW,CP-CVW,CP-S,Res-Gauss,emp coverage,tolerance,n_effective
0.45833662152290344,0.39644208550453186,0.5219494104385376,0.2737151501865457,0.6034711003303528,0.2,32.98932666809355
