CP-SW,CP-CVW,CP-S,Res-Gauss,emp coverage,tolerance,n_effective
0.45867466926574707,0.3948991000652313,0.3909364640712738,0.3229550196404237,0.6060606241226196,0.2,35.6288360088862
