CP-S,CP-CV,Res-Gauss,emp coverage,tolerance
0.6512269377708435,0.46389564871788025,0.45763524252592686,0.6672727465629578,0.2
