CP-SW,CP-CVW,CP-S,Res-Gauss,emp coverage,tolerance,n_effective
0.5370256900787354,0.39488646388053894,0.5180408358573914,0.2721557909380443,0.600493848323822,0.2,39.64619342911144
