CP-SW,CP-CVW,CP-S,Res-Gauss,emp coverage,tolerance,n_effective
0.5250880718231201,0.3981555998325348,0.4560416340827942,0.2865210702572868,0.6217195987701416,0.2,110.19841416209857
